,throughput,goodput,energy_cost,time_cost,pakcet_loss,loss_threshold
0,"[89.92048139676093, 90.87513132551832, 92.1967370203842, 89.70220533016771, 89.2905716304147, 86.71298100434349]","[86.63794437123371, 89.84312237991753, 91.79665465976981, 89.51711837416198, 89.20209753481208, 86.66864356146905]","[59.874013474175214, 72.749803796918, 78.45981416613208, 261.9976203196365, 425.948789471222, 732.0968971924144]","[1679.8348000001008, 2201.033543749993, 2508.5033062500297, 8691.645237499952, 14488.57514999984, 25407.501349999904]","[0.3673102094240831, 0.3491999999999998, 0.3417832167832167, 0.3404352226720649, 0.33325242718446596, 0.3332182320441986]",0.06
1,"[90.3771178742967, 90.14551460122908, 92.1967370203842, 90.14773928608064, 89.8120805341868, 89.0834674678509]","[87.10242436380994, 89.08867819286782, 91.79665465976981, 89.97573197338833, 89.7309246678794, 89.04342520922432]","[78.45855579623539, 87.76232789037516, 78.45981416613208, 530.9532773609402, 1034.3025367863838, 2024.8113849930414]","[2201.9709515626946, 2654.7389250000747, 2508.5033062500297, 17615.767612501557, 35231.535225003114, 70463.07045000623]","[0.36647499999999944, 0.3507036423841058, 0.3417832167832167, 0.33970000000000006, 0.33284999999999965, 0.32902499999999946]",0.03
2,"[90.3771178742967, 90.14551460122908, 92.1967370203842, 90.14773928608064, 89.8120805341868, 89.0834674678509]","[87.10242436380994, 89.08867819286782, 91.79665465976981, 89.97573197338833, 89.7309246678794, 89.04342520922432]","[78.45855579623539, 87.76232789037516, 78.45981416613208, 530.9532773609402, 1034.3025367863838, 2024.8113849930414]","[2201.9709515626946, 2654.7389250000747, 2508.5033062500297, 17615.767612501557, 35231.535225003114, 70463.07045000623]","[0.36647499999999944, 0.3507036423841058, 0.3417832167832167, 0.33970000000000006, 0.33284999999999965, 0.32902499999999946]",0.01
